month,ghi
1,174.3022
2,138.37785
3,175.57229999999998
4,159.6914
5,156.3991
6,120.9939
7,116.89025
8,128.4481
9,126.4316
10,144.13105
11,141.43779999999998
12,182.23285
